[{"line":1,"elements":[{"start_timestamp":"2024-12-04T11:10:13.768Z","line":3,"name":"User successfully creates an account","description":"","id":"create-account-functionality;user-successfully-creates-an-account","type":"scenario","keyword":"Scenario","steps":[{"result":{"error_message":"org.openqa.selenium.NoSuchWindowException: no such window: target window already closed\nfrom unknown error: web view not found\n  (Session info: chrome=131.0.6778.86)\nBuild info: version: '4.11.0', revision: '040bc5406b'\nSystem info: os.name: 'Windows 10', os.arch: 'amd64', os.version: '10.0', java.version: '17.0.12'\nDriver info: org.openqa.selenium.chrome.ChromeDriver\nCommand: [1d0435edfcbffce7e3deecd5bc21534f, maximizeCurrentWindow {}]\nCapabilities {acceptInsecureCerts: false, browserName: chrome, browserVersion: 131.0.6778.86, chrome: {chromedriverVersion: 131.0.6778.87 (ce31cae94873..., userDataDir: C:\\Users\\Admin3\\AppData\\Loc...}, fedcm:accounts: true, goog:chromeOptions: {debuggerAddress: localhost:55598}, networkConnectionEnabled: false, pageLoadStrategy: normal, platformName: windows, proxy: Proxy(), se:cdp: ws://localhost:55598/devtoo..., se:cdpVersion: 131.0.6778.86, setWindowRect: true, strictFileInteractability: false, timeouts: {implicit: 0, pageLoad: 300000, script: 30000}, unhandledPromptBehavior: dismiss and notify, webauthn:extension:credBlob: true, webauthn:extension:largeBlob: true, webauthn:extension:minPinLength: true, webauthn:extension:prf: true, webauthn:virtualAuthenticators: true}\nSession ID: 1d0435edfcbffce7e3deecd5bc21534f\r\n\tat java.base/jdk.internal.reflect.NativeConstructorAccessorImpl.newInstance0(Native Method)\r\n\tat java.base/jdk.internal.reflect.NativeConstructorAccessorImpl.newInstance(NativeConstructorAccessorImpl.java:77)\r\n\tat java.base/jdk.internal.reflect.DelegatingConstructorAccessorImpl.newInstance(DelegatingConstructorAccessorImpl.java:45)\r\n\tat java.base/java.lang.reflect.Constructor.newInstanceWithCaller(Constructor.java:500)\r\n\tat java.base/java.lang.reflect.Constructor.newInstance(Constructor.java:481)\r\n\tat org.openqa.selenium.remote.codec.w3c.W3CHttpResponseCodec.createException(W3CHttpResponseCodec.java:200)\r\n\tat org.openqa.selenium.remote.codec.w3c.W3CHttpResponseCodec.decode(W3CHttpResponseCodec.java:133)\r\n\tat org.openqa.selenium.remote.codec.w3c.W3CHttpResponseCodec.decode(W3CHttpResponseCodec.java:52)\r\n\tat org.openqa.selenium.remote.HttpCommandExecutor.execute(HttpCommandExecutor.java:191)\r\n\tat org.openqa.selenium.remote.service.DriverCommandExecutor.invokeExecute(DriverCommandExecutor.java:196)\r\n\tat org.openqa.selenium.remote.service.DriverCommandExecutor.execute(DriverCommandExecutor.java:171)\r\n\tat org.openqa.selenium.remote.RemoteWebDriver.execute(RemoteWebDriver.java:518)\r\n\tat org.openqa.selenium.remote.RemoteWebDriver.execute(RemoteWebDriver.java:591)\r\n\tat org.openqa.selenium.remote.RemoteWebDriver.execute(RemoteWebDriver.java:595)\r\n\tat org.openqa.selenium.remote.RemoteWebDriver$RemoteWebDriverOptions$RemoteWindow.maximize(RemoteWebDriver.java:978)\r\n\tat step_definations.Create_New_Account_step_def.the_user_is_on_the_create_account_page(Create_New_Account_step_def.java:25)\r\n\tat ✽.the user is on the Create Account page(file:///C:/Users/Admin3/eclipse-workspace2/luma_Project/src/test/java/test/Create_New_Account.feature:4)\r\n","duration":33613738800,"status":"failed"},"line":4,"name":"the user is on the Create Account page","match":{"location":"step_definations.Create_New_Account_step_def.the_user_is_on_the_create_account_page()"},"keyword":"Given "},{"result":{"duration":1000300,"status":"skipped"},"line":5,"name":"the user enters \"satya\" in the First Name field","match":{"arguments":[{"val":"\"satya\"","offset":16}],"location":"step_definations.Create_New_Account_step_def.the_user_enters_in_the_first_name_field(java.lang.String)"},"keyword":"When "},{"result":{"status":"skipped"},"line":6,"name":"the user enters \"reddy\" in the Last Name field","match":{"arguments":[{"val":"\"reddy\"","offset":16}],"location":"step_definations.Create_New_Account_step_def.the_user_enters_in_the_last_name_field(java.lang.String)"},"keyword":"And "},{"result":{"status":"skipped"},"line":7,"name":"the user enters \"satyatester45@gmail.com\" in the Email field","match":{"arguments":[{"val":"\"satyatester45@gmail.com\"","offset":16}],"location":"step_definations.Create_New_Account_step_def.the_user_enters_in_the_email_field(java.lang.String)"},"keyword":"And "},{"result":{"duration":999500,"status":"skipped"},"line":8,"name":"the user enters \"Password@123\" in the Password field","match":{"arguments":[{"val":"\"Password@123\"","offset":16}],"location":"step_definations.Create_New_Account_step_def.the_user_enters_in_the_password_field(java.lang.String)"},"keyword":"And "},{"result":{"status":"skipped"},"line":9,"name":"the user enters \"Password@123\" in the Confirm Password field","match":{"arguments":[{"val":"\"Password@123\"","offset":16}],"location":"step_definations.Create_New_Account_step_def.the_user_enters_in_the_confirm_password_field(java.lang.String)"},"keyword":"And "},{"result":{"duration":999900,"status":"skipped"},"line":10,"name":"clicks the Create Account button","match":{"location":"step_definations.Create_New_Account_step_def.clicks_the_create_account_button()"},"keyword":"And "},{"result":{"status":"skipped"},"line":11,"name":"the account should be created successfully, and the user should see a welcome message","match":{"location":"step_definations.Create_New_Account_step_def.the_account_should_be_created_successfully_and_the_user_should_see_a_welcome_message()"},"keyword":"Then "}]},{"start_timestamp":"2024-12-04T11:10:47.634Z","line":15,"name":"Validation error for missing required fields","description":"","id":"create-account-functionality;validation-error-for-missing-required-fields","type":"scenario","keyword":"Scenario","steps":[{"result":{"duration":7154120400,"status":"passed"},"line":16,"name":"the user is on the Create Account page","match":{"location":"step_definations.Create_New_Account_step_def.the_user_is_on_the_create_account_page()"},"keyword":"Given "},{"result":{"duration":188892900,"status":"passed"},"line":17,"name":"the user leaves the First Name field as empty \"\"","match":{"arguments":[{"val":"\"\"","offset":46}],"location":"step_definations.Create_New_Account_step_def.the_user_leaves_the_first_name_field_as_empty(java.lang.String)"},"keyword":"When "},{"result":{"duration":218874900,"status":"passed"},"line":18,"name":"the user enters \"reddy\" in the Last Name field","match":{"arguments":[{"val":"\"reddy\"","offset":16}],"location":"step_definations.Create_New_Account_step_def.the_user_enters_in_the_last_name_field(java.lang.String)"},"keyword":"And "},{"result":{"duration":264846900,"status":"passed"},"line":19,"name":"the user enters \"satyatester45@gmail.com\" in the Email field","match":{"arguments":[{"val":"\"satyatester45@gmail.com\"","offset":16}],"location":"step_definations.Create_New_Account_step_def.the_user_enters_in_the_email_field(java.lang.String)"},"keyword":"And "},{"result":{"duration":384780500,"status":"passed"},"line":20,"name":"the user enters \"Password@123\" in the Password field","match":{"arguments":[{"val":"\"Password@123\"","offset":16}],"location":"step_definations.Create_New_Account_step_def.the_user_enters_in_the_password_field(java.lang.String)"},"keyword":"And "},{"result":{"duration":153913200,"status":"passed"},"line":21,"name":"the user enters \"Password@123\" in the Confirm Password field","match":{"arguments":[{"val":"\"Password@123\"","offset":16}],"location":"step_definations.Create_New_Account_step_def.the_user_enters_in_the_confirm_password_field(java.lang.String)"},"keyword":"And "},{"result":{"duration":160920300,"status":"passed"},"line":22,"name":"clicks the Create Account button","match":{"location":"step_definations.Create_New_Account_step_def.clicks_the_create_account_button()"},"keyword":"And "},{"result":{"duration":70959800,"status":"passed"},"line":23,"name":"an error message should appear stating First Name is required","match":{"location":"step_definations.Create_New_Account_step_def.an_error_message_should_appear_stating_first_name_is_required()"},"keyword":"Then "}]}],"name":"Create Account Functionality","description":"","id":"create-account-functionality","keyword":"Feature","uri":"file:src/test/java/test/Create_New_Account.feature","tags":[]}]